id,name,beam_m,built_year,classification_society,crew_capacity,deadweight_tonnes,draft_m,flag,gross_tonnage,home_port,lane_metres,last_special_survey,length_m,next_drydock,operator,owner,passenger_capacity,propulsion,ramp_capacity_tonnes,roro_subtype,service_speed_knots,status,teu_capacity,vehicle_capacity_ceu
5441156,MS Grand Falcon,25.0,2000,Bureau Veritas,53,7682,6.4,Bahamas,38426,New York/New Jersey,1580,2021-12-06,195.1,2026-11-10,Coral Sea Logistics,Coral Sea Logistics,1627,"Diesel, 4-stroke medium-speed",26,RoPax Ferry,22.4,In Service,0,524
6310196,MV Crimson Spirit,22.3,2017,RINA,23,14059,7.7,Bahamas,28857,Tokyo,3480,2022-08-08,137.7,2025-04-19,Silverline Maritime,Silverline Maritime,6,Diesel-electric,35,Ro-Ro Cargo Ship,20.7,In Service,0,784
8609503,MV Radiant Mariner,29.3,2021,ABS,22,18412,9.9,Cyprus,41866,Shanghai,1873,2021-04-28,226.5,2025-03-26,Trident Marine Group,Trident Marine Group,0,"Diesel, 4-stroke medium-speed",39,ConRo (Container/Ro-Ro),21.4,In Service,1826,874
3027396,MV Grand Pioneer,28.0,2015,Bureau Veritas,25,16800,11.2,Norway,54569,Hamburg,3998,2021-11-05,198.9,2025-03-23,Neptune Global Lines,Neptune Global Lines,0,Gas turbine,32,Pure Car Truck Carrier (PCTC),19.2,Under Construction,0,5952
4878924,MV Celestial Wave,36.4,1995,DNV,22,13397,10.1,Singapore,52016,Santos,5069,2023-09-19,214.6,2026-04-21,Harborview Shipping Group,Harborview Shipping Group,0,Dual-fuel (LNG/diesel),49,Pure Car Truck Carrier (PCTC),19.5,In Service,0,4245
1796577,MV Southern Spirit,37.8,2018,Bureau Veritas,22,15023,10.4,Panama,40904,Shanghai,3279,2024-02-12,188.5,2028-08-09,Silverline Maritime,Coral Sea Logistics,0,"Diesel, 2-stroke slow-speed",21,Pure Car Truck Carrier (PCTC),18.0,In Service,0,4778
3145136,MS Radiant Odyssey,29.4,2007,RINA,115,5517,6.2,Panama,38968,Felixstowe,1667,2024-09-04,125.6,2027-06-30,Continental Sealift,Continental Sealift,2455,Diesel-electric,33,RoPax Ferry,22.0,In Service,0,557
6284957,MV Radiant Enterprise,28.1,2021,Korean Register,23,22025,9.8,Isle of Man,41040,Santos,3269,2026-09-16,215.0,2030-01-23,Northstar Ocean Carriers,Northstar Ocean Carriers,0,"Diesel, 2-stroke slow-speed",49,Pure Car Truck Carrier (PCTC),21.0,In Service,0,7990
5410705,MV Golden Endeavour,30.5,2016,DNV,22,19094,7.6,Denmark,51824,New York/New Jersey,2154,2023-03-26,188.1,2027-06-28,Zenith Ocean Transport,Aurora Fleet Services,7,"Diesel, 2-stroke slow-speed",68,Ro-Ro Cargo Ship,21.6,In Service,0,407
1599565,MV Meridian Glory,30.7,2012,ABS,24,23638,8.5,Greece,44733,Hamburg,1779,2021-11-01,216.8,2023-03-30,Silverline Maritime,Silverline Maritime,0,Dual-fuel (LNG/diesel),36,ConRo (Container/Ro-Ro),21.4,In Service,2237,1965
3478753,MV Pacific Frontier,33.2,2019,Korean Register,24,13911,10.4,Panama,74817,Piraeus,3611,2025-09-11,221.1,2027-08-13,Coral Sea Logistics,Coral Sea Logistics,0,Gas turbine,32,Pure Car Truck Carrier (PCTC),20.5,In Service,0,7858
9316256,MV Atlantic Pioneer,28.5,2024,China Classification Society,25,18151,9.0,China,44481,Southampton,1980,2025-09-02,231.0,2030-03-31,Aurora Fleet Services,Aurora Fleet Services,0,Diesel-electric,51,ConRo (Container/Ro-Ro),21.5,In Service,2779,1595
2056572,MV Celestial Voyager,32.5,2014,Bureau Veritas,24,18118,11.4,Isle of Man,42312,Southampton,3160,2021-10-24,221.3,2025-05-15,Meridian Bulk Lines,Meridian Bulk Lines,0,Dual-fuel (LNG/diesel),35,Pure Car Truck Carrier (PCTC),19.1,In Service,0,4275
4080072,MV Amber Comet,32.3,2015,Bureau Veritas,23,12301,9.3,Malta,44376,Felixstowe,4485,2021-04-25,209.9,2025-04-21,Coral Sea Logistics,Continental Sealift,0,"Diesel, 2-stroke slow-speed",21,Pure Car Truck Carrier (PCTC),18.7,In Service,0,6569
4164907,MS Western Sentinel,25.5,2014,ABS,61,2335,5.9,Singapore,27988,Long Beach,2009,2021-07-20,191.0,2022-09-19,Meridian Bulk Lines,Meridian Bulk Lines,2460,Dual-fuel (LNG/diesel),38,RoPax Ferry,21.9,In Service,0,263
6812510,MV Grand Wave,35.8,1997,Korean Register,22,17908,10.5,China,40881,Busan,3224,2022-06-12,212.4,2026-07-13,Pacific Rim Maritime,Pacific Rim Maritime,0,Gas turbine,28,Pure Car Truck Carrier (PCTC),20.2,In Service,0,7611
7888566,MS Arctic Horizon,26.6,1997,ABS,101,2037,6.1,Italy,34056,Felixstowe,1222,2024-11-22,190.3,2028-09-15,Aurora Fleet Services,Pacific Rim Maritime,1067,Dual-fuel (LNG/diesel),29,RoPax Ferry,23.5,In Service,0,649
1297454,MS Coral Star,25.7,2011,ABS,106,4531,6.8,Bahamas,23084,New York/New Jersey,1903,2021-08-13,181.4,2023-01-26,Cascade Maritime Holdings,Cascade Maritime Holdings,1288,"Diesel, 2-stroke slow-speed",39,RoPax Ferry,21.0,In Service,0,692
1255561,MV Northern Falcon,35.0,2004,China Classification Society,21,23764,9.2,Norway,61646,New York/New Jersey,4180,2025-02-09,212.4,2027-03-09,Silverline Maritime,Silverline Maritime,0,Dual-fuel (LNG/diesel),26,Pure Car Truck Carrier (PCTC),19.5,Under Construction,0,6242
2944406,MS Crystal Frontier,26.0,1997,Lloyd's Register,100,7987,6.3,Malta,16554,Shanghai,1308,2022-11-26,128.3,2024-02-01,Pacific Rim Maritime,Pacific Rim Maritime,2127,Diesel-electric,16,RoPax Ferry,26.5,In Service,0,233
4541612,MV Celestial Dawn,28.9,2021,DNV,25,15616,6.3,Isle of Man,26737,Panama City,1589,2024-09-13,221.0,2026-10-08,Deepwater Logistics Inc.,Deepwater Logistics Inc.,4,Diesel-electric,52,Ro-Ro Cargo Ship,21.4,In Service,0,946
9463932,MV Golden Pride,24.9,2007,Bureau Veritas,19,14441,6.8,Greece,58614,Jebel Ali,1510,2025-09-02,228.7,2029-11-17,Silverline Maritime,Silverline Maritime,5,"Diesel, 4-stroke medium-speed",77,Ro-Ro Cargo Ship,21.5,In Service,0,988
6221656,MS Southern Pioneer,27.6,2015,ABS,61,6895,5.8,Denmark,33503,Santos,1441,2024-03-31,177.9,2026-02-23,Continental Sealift,Continental Sealift,1793,Gas turbine,29,RoPax Ferry,23.2,In Service,0,530
5915183,MV Pacific Pioneer,33.0,1998,ABS,26,23106,10.6,Hong Kong,73175,Hamburg,4968,2021-02-04,219.9,2023-02-11,Aurora Fleet Services,Zenith Ocean Transport,0,"Diesel, 4-stroke medium-speed",39,Pure Car Truck Carrier (PCTC),18.1,In Service,0,4274
9970325,MV Emerald Tide,32.7,2011,DNV,21,22034,9.4,Singapore,35106,Jebel Ali,5188,2024-09-14,221.4,2029-01-05,Pacific Rim Maritime,Pacific Rim Maritime,0,Dual-fuel (LNG/diesel),39,Pure Car Truck Carrier (PCTC),20.8,In Service,0,7355
1039022,MS Royal Falcon,21.8,2006,RINA,94,6453,6.4,South Korea,38637,Antwerp,1306,2023-04-05,208.0,2028-01-18,Trident Marine Group,Trident Marine Group,586,"Diesel, 2-stroke slow-speed",38,RoPax Ferry,26.6,In Service,0,569
8001816,MS Golden Aurora,23.5,2004,ABS,88,4105,6.3,China,18488,Valencia,1211,2023-08-09,204.8,2026-09-27,Coral Sea Logistics,Coral Sea Logistics,447,"Diesel, 4-stroke medium-speed",39,RoPax Ferry,21.4,In Service,0,640
8603652,MS Crystal Horizon,22.5,2001,RINA,77,2586,5.9,Bahamas,14907,Long Beach,2133,2025-11-07,121.7,2028-01-29,Continental Sealift,Vanguard Shipping Corp.,2376,"Diesel, 4-stroke medium-speed",38,RoPax Ferry,22.8,Decommissioned,0,697
6875689,MV Western Osprey,32.6,2021,Lloyd's Register,25,24781,10.3,Singapore,36209,Santos,4464,2021-10-05,182.4,2025-04-19,Northstar Ocean Carriers,Northstar Ocean Carriers,0,Diesel-electric,48,Pure Car Truck Carrier (PCTC),18.8,In Service,0,6285
9971927,MS Crimson Endeavour,22.1,1995,RINA,82,7597,6.3,Greece,14320,Antwerp,1226,2024-12-18,202.9,2029-04-14,Neptune Global Lines,Neptune Global Lines,2456,"Diesel, 2-stroke slow-speed",18,RoPax Ferry,26.0,Laid Up,0,475
7768431,MS Crimson Guardian,23.9,2003,RINA,83,7556,6.6,Italy,28132,Long Beach,2281,2022-02-09,128.5,2027-01-06,Blue Horizon Shipping,Blue Horizon Shipping,823,"Diesel, 2-stroke slow-speed",36,RoPax Ferry,21.9,In Service,0,292
3459991,MV Noble Aurora,31.3,2020,China Classification Society,25,19437,9.5,Greece,43135,Colombo,2077,2023-01-17,230.0,2027-08-08,Trident Marine Group,Trident Marine Group,0,"Diesel, 4-stroke medium-speed",69,ConRo (Container/Ro-Ro),20.6,In Service,1575,1473
4085503,MS Emerald Aurora,26.3,2021,ABS,81,2245,6.3,Greece,20761,Santos,2353,2022-11-26,172.3,2026-01-11,Aurora Fleet Services,Aurora Fleet Services,1291,Gas turbine,33,RoPax Ferry,21.8,In Service,0,301
5610915,MS Eastern Mariner,27.8,2000,Lloyd's Register,45,6884,6.5,Denmark,38482,Jebel Ali,1105,2024-03-21,137.7,2028-08-11,Harborview Shipping Group,Cascade Maritime Holdings,1318,Dual-fuel (LNG/diesel),26,RoPax Ferry,26.4,In Service,0,172
3097341,MV Arctic Trader,22.3,2015,Korean Register,25,23686,8.0,Liberia,54990,Shanghai,3951,2021-09-04,226.2,2024-05-20,Coral Sea Logistics,Zenith Ocean Transport,4,Diesel-electric,75,Ro-Ro Cargo Ship,19.6,In Service,0,357
7480792,MS Northern Star,22.6,1997,DNV,59,2756,6.1,United Kingdom,17774,Colombo,2330,2021-09-22,200.4,2022-12-16,Deepwater Logistics Inc.,Deepwater Logistics Inc.,1404,"Diesel, 2-stroke slow-speed",35,RoPax Ferry,23.7,In Service,0,502
5833012,MV Celestial Glory,37.2,2011,Korean Register,22,17311,9.1,Marshall Islands,44948,Hamburg,4856,2022-06-14,197.9,2026-07-07,Vanguard Shipping Corp.,Vanguard Shipping Corp.,0,"Diesel, 4-stroke medium-speed",41,Pure Car Truck Carrier (PCTC),20.5,In Service,0,4653
9237278,MS Eastern Dolphin,28.1,2017,RINA,73,7255,5.9,Hong Kong,34887,Hamburg,2021,2021-12-09,137.4,2023-06-05,Zenith Ocean Transport,Zenith Ocean Transport,2336,Gas turbine,20,RoPax Ferry,21.5,In Service,0,557
9547843,MV Northern Trader,29.1,2013,RINA,21,19243,8.1,Panama,32373,Santos,1749,2023-10-22,228.5,2025-09-28,Emerald Coast Shipping,Emerald Coast Shipping,4,Dual-fuel (LNG/diesel),53,Ro-Ro Cargo Ship,21.4,Under Maintenance,0,1087
5249883,MV Eastern Navigator,30.9,2004,Lloyd's Register,23,16967,9.0,Denmark,24381,Busan,2290,2025-08-22,225.1,2028-04-26,Zenith Ocean Transport,Zenith Ocean Transport,0,"Diesel, 2-stroke slow-speed",56,ConRo (Container/Ro-Ro),21.9,In Service,2183,1709
5865845,MV Radiant Glory,32.0,2022,China Classification Society,22,18569,9.1,Singapore,43247,Busan,3489,2023-11-17,208.2,2026-08-29,Solstice Tankers Ltd.,Solstice Tankers Ltd.,0,"Diesel, 2-stroke slow-speed",50,Pure Car Truck Carrier (PCTC),19.8,In Service,0,6917
2377500,MV Crimson Comet,31.4,2002,RINA,23,13014,7.9,United Kingdom,47819,Shanghai,3120,2021-03-03,199.5,2025-10-02,Continental Sealift,Pacific Rim Maritime,9,Dual-fuel (LNG/diesel),79,Ro-Ro Cargo Ship,18.5,Under Maintenance,0,619
2853839,MV Northern Guardian,35.8,2025,ClassNK,21,15690,10.8,Hong Kong,71890,Felixstowe,3148,2025-12-17,221.4,2029-06-07,Neptune Global Lines,Harborview Shipping Group,0,"Diesel, 2-stroke slow-speed",30,Pure Car Truck Carrier (PCTC),19.1,In Service,0,6393
4823735,MV Pacific Aurora,35.5,2013,RINA,20,12727,9.3,Bahamas,55911,Hong Kong,3841,2022-10-29,206.5,2025-12-13,Atlas Ocean Carriers,Atlas Ocean Carriers,0,Diesel-electric,21,Pure Car Truck Carrier (PCTC),19.4,Under Maintenance,0,6572
4172203,MV Crimson Sentinel,32.6,2005,ABS,21,24196,9.8,Malta,56949,Los Angeles,3343,2023-11-20,223.4,2028-07-14,Trident Marine Group,Trident Marine Group,0,Dual-fuel (LNG/diesel),38,Pure Car Truck Carrier (PCTC),19.5,In Service,0,5745
5771707,MV Eastern Tide,32.5,1995,Korean Register,23,17787,9.4,Denmark,57565,Colombo,4345,2026-05-01,210.7,2031-02-26,Vanguard Shipping Corp.,Vanguard Shipping Corp.,0,Gas turbine,36,Pure Car Truck Carrier (PCTC),21.0,Under Construction,0,6882
3314385,MV Northern Odyssey,26.4,2024,RINA,20,25407,9.1,Liberia,37394,Rotterdam,1646,2026-04-13,213.7,2030-11-03,Voyager Marine Enterprises,Voyager Marine Enterprises,0,Gas turbine,52,ConRo (Container/Ro-Ro),19.3,In Service,1319,1115
4254829,MV Southern Mariner,34.8,2014,RINA,25,12638,10.2,Isle of Man,64713,Long Beach,4757,2021-02-24,189.0,2024-07-04,Blue Horizon Shipping,Coral Sea Logistics,0,"Diesel, 4-stroke medium-speed",27,Pure Car Truck Carrier (PCTC),19.6,In Service,0,4054
7732949,MV Northern Horizon,33.9,1995,Bureau Veritas,22,23010,10.3,United Kingdom,41642,Felixstowe,3059,2025-04-28,227.8,2029-09-12,Neptune Global Lines,Silverline Maritime,0,Gas turbine,27,Pure Car Truck Carrier (PCTC),20.4,In Service,0,8124
5607504,MV Southern Explorer,35.4,2006,Bureau Veritas,22,20474,10.9,Liberia,48143,Shanghai,3571,2023-05-08,187.9,2025-07-25,Silverline Maritime,Silverline Maritime,0,"Diesel, 4-stroke medium-speed",33,Pure Car Truck Carrier (PCTC),20.7,In Service,0,6158
5365833,MS Arctic Explorer,25.2,2005,RINA,81,2959,6.4,Cyprus,28370,Jebel Ali,2378,2023-11-01,185.2,2027-05-07,Coral Sea Logistics,Coral Sea Logistics,1746,Gas turbine,34,RoPax Ferry,22.1,In Service,0,671
7078006,MV Coral Dawn,25.2,2001,Lloyd's Register,18,15836,6.4,Panama,39685,Piraeus,1766,2022-06-14,195.8,2024-03-14,Silverline Maritime,Silverline Maritime,8,Gas turbine,34,Ro-Ro Cargo Ship,20.5,In Service,0,941
8006323,MV Meridian Pathfinder,31.2,2013,China Classification Society,23,29603,10.5,Malta,40505,Antwerp,1249,2023-05-09,224.9,2028-03-13,Coral Sea Logistics,Coral Sea Logistics,0,"Diesel, 2-stroke slow-speed",49,ConRo (Container/Ro-Ro),21.8,In Service,1412,1319
2110598,MS Radiant Trader,21.4,2012,ClassNK,76,5973,5.7,Italy,29103,Panama City,2010,2021-12-11,163.1,2024-12-31,Deepwater Logistics Inc.,Nordwind Shipping Co.,564,"Diesel, 4-stroke medium-speed",21,RoPax Ferry,26.9,In Service,0,387
8164711,MS Celestial Eagle,25.1,2007,DNV,100,4006,5.9,Norway,35503,Busan,1284,2021-09-12,160.4,2025-07-19,Silverline Maritime,Silverline Maritime,1831,"Diesel, 4-stroke medium-speed",25,RoPax Ferry,21.6,In Service,0,483
6446139,MS Crimson Trader,25.5,1995,ABS,101,6014,6.1,Singapore,35499,Southampton,1455,2021-09-19,204.0,2023-06-29,Deepwater Logistics Inc.,Harborview Shipping Group,601,Dual-fuel (LNG/diesel),40,RoPax Ferry,21.6,In Service,0,598
1873832,MV Radiant Falcon,28.1,2007,ClassNK,21,23073,7.2,China,22757,Piraeus,2050,2025-06-24,133.1,2028-10-27,Coral Sea Logistics,Coral Sea Logistics,7,Dual-fuel (LNG/diesel),31,Ro-Ro Cargo Ship,19.4,In Service,0,227
8657940,MV Arctic Comet,37.5,2017,ABS,25,18715,9.1,Italy,74073,Tokyo,4708,2024-07-04,195.5,2025-11-07,Harborview Shipping Group,Harborview Shipping Group,0,Dual-fuel (LNG/diesel),45,Pure Car Truck Carrier (PCTC),18.3,In Service,0,7365
6273453,MV Celestial Pathfinder,24.9,2017,DNV,25,12064,7.1,Netherlands,15657,Busan,4132,2022-04-04,236.4,2024-07-23,Silverline Maritime,Deepwater Logistics Inc.,6,Dual-fuel (LNG/diesel),44,Ro-Ro Cargo Ship,20.1,Under Maintenance,0,366
2657170,MV Western Explorer,30.4,1995,China Classification Society,22,17471,9.2,Norway,59578,Panama City,4623,2025-04-11,229.2,2028-01-17,Aurora Fleet Services,Aurora Fleet Services,0,"Diesel, 2-stroke slow-speed",28,Pure Car Truck Carrier (PCTC),19.7,In Service,0,4185
7903378,MS Eastern Eagle,27.6,2019,Lloyd's Register,56,6246,6.2,China,30628,Shanghai,2144,2024-04-21,181.8,2026-08-26,Northstar Ocean Carriers,Northstar Ocean Carriers,670,"Diesel, 2-stroke slow-speed",24,RoPax Ferry,25.0,In Service,0,547
8691740,MS Western Trader,29.5,1997,ClassNK,110,5198,5.8,Denmark,32913,Jebel Ali,2331,2023-09-28,160.9,2025-02-16,Vanguard Shipping Corp.,Vanguard Shipping Corp.,634,"Diesel, 4-stroke medium-speed",32,RoPax Ferry,25.1,In Service,0,696
9429833,MV Great Horizon,33.2,2001,Bureau Veritas,21,18752,9.4,Bahamas,41959,Hong Kong,3865,2023-01-26,205.0,2027-01-17,Vanguard Shipping Corp.,Vanguard Shipping Corp.,0,Dual-fuel (LNG/diesel),35,Pure Car Truck Carrier (PCTC),18.7,In Service,0,6435
4522915,MV Great Odyssey,33.1,2001,ABS,21,19304,10.3,Italy,54278,Southampton,3640,2023-11-06,207.5,2026-02-07,Nordwind Shipping Co.,Northstar Ocean Carriers,0,Diesel-electric,45,Pure Car Truck Carrier (PCTC),19.6,In Service,0,7517
1110307,MV Azure Sentinel,26.1,1998,ABS,23,27925,9.5,Cyprus,30335,Antwerp,2151,2021-03-02,195.1,2025-01-02,Harborview Shipping Group,Harborview Shipping Group,0,Diesel-electric,59,ConRo (Container/Ro-Ro),20.0,In Service,1277,515
5640453,MV Emerald Carrier,26.8,2000,Bureau Veritas,20,20458,8.9,Isle of Man,25277,Singapore,1589,2024-11-03,235.5,2026-01-19,Pacific Rim Maritime,Pacific Rim Maritime,0,Gas turbine,45,ConRo (Container/Ro-Ro),21.1,In Service,1754,1715
5903025,MV Amber Venture,27.2,2018,RINA,23,15160,9.9,China,35243,Shanghai,2000,2022-01-22,212.3,2026-04-11,Emerald Coast Shipping,Harborview Shipping Group,0,"Diesel, 2-stroke slow-speed",34,ConRo (Container/Ro-Ro),20.3,In Service,2636,853
7563843,MV Southern Sentinel,29.8,2009,DNV,21,22087,9.2,Isle of Man,64588,Santos,3043,2024-11-18,227.0,2027-08-17,Blue Horizon Shipping,Blue Horizon Shipping,0,Gas turbine,34,Pure Car Truck Carrier (PCTC),20.9,In Service,0,6324
2622565,MV Golden Guardian,24.1,1998,ABS,24,22723,7.2,Greece,24562,Shanghai,3063,2021-02-05,147.5,2022-11-13,Nordwind Shipping Co.,Vanguard Shipping Corp.,2,Gas turbine,54,Ro-Ro Cargo Ship,20.6,In Service,0,637
7237511,MV Western Voyager,27.4,2010,Bureau Veritas,26,16912,8.3,Greece,39893,Santos,4077,2025-03-19,201.8,2027-08-19,Solstice Tankers Ltd.,Solstice Tankers Ltd.,7,"Diesel, 4-stroke medium-speed",51,Ro-Ro Cargo Ship,20.6,In Service,0,490
4821505,MS Silver Pioneer,22.9,2015,ABS,63,3602,6.6,Italy,10756,Bremerhaven,2016,2025-03-25,164.6,2028-01-03,Continental Sealift,Aurora Fleet Services,1047,Gas turbine,30,RoPax Ferry,24.9,Under Maintenance,0,523
6168488,MV Crimson Odyssey,31.6,2019,ClassNK,24,15763,8.9,Panama,35231,Southampton,1552,2024-05-02,186.4,2029-03-08,Pacific Rim Maritime,Pacific Rim Maritime,0,Diesel-electric,32,ConRo (Container/Ro-Ro),20.0,In Service,2551,1913
8229559,MS Pacific Dolphin,23.1,2014,Lloyd's Register,83,2585,6.4,Panama,26767,Hong Kong,1350,2021-10-15,139.6,2023-02-24,Blue Horizon Shipping,Emerald Coast Shipping,631,Dual-fuel (LNG/diesel),26,RoPax Ferry,22.6,In Service,0,184
6194229,MV Golden Osprey,28.4,2011,Korean Register,25,16084,9.7,Netherlands,47431,Santos,3245,2022-05-20,197.0,2025-07-25,Nordwind Shipping Co.,Deepwater Logistics Inc.,0,Gas turbine,36,Pure Car Truck Carrier (PCTC),18.9,Under Maintenance,0,8146
5993850,MV Royal Glory,27.5,2014,Bureau Veritas,25,21791,9.2,South Korea,44632,Hong Kong,2390,2023-02-05,196.1,2026-06-24,Vanguard Shipping Corp.,Vanguard Shipping Corp.,0,Dual-fuel (LNG/diesel),68,ConRo (Container/Ro-Ro),22.0,In Service,1362,503
8405488,MS Northern Endeavour,26.7,2025,Korean Register,83,7588,6.5,Netherlands,29571,Santos,1006,2023-01-06,180.4,2024-02-25,Vanguard Shipping Corp.,Vanguard Shipping Corp.,2472,"Diesel, 2-stroke slow-speed",33,RoPax Ferry,23.8,Laid Up,0,173
2732475,MV Azure Trader,30.9,1998,Lloyd's Register,25,21130,10.2,Netherlands,40061,Southampton,4157,2024-08-05,209.0,2026-05-08,Trident Marine Group,Trident Marine Group,0,Diesel-electric,29,Pure Car Truck Carrier (PCTC),18.5,In Service,0,5572
8381577,MV Radiant Voyager,31.0,2009,China Classification Society,22,24034,8.7,Hong Kong,27459,Singapore,2417,2024-02-18,201.9,2028-10-24,Coral Sea Logistics,Coral Sea Logistics,0,Diesel-electric,42,ConRo (Container/Ro-Ro),19.8,In Service,1638,1602
7826570,MS Western Odyssey,21.5,2021,China Classification Society,103,5512,6.2,Greece,32571,Southampton,1040,2024-11-12,152.1,2029-01-23,Trident Marine Group,Trident Marine Group,2687,"Diesel, 4-stroke medium-speed",18,RoPax Ferry,24.6,In Service,0,306
9872004,MV Crimson Voyager,21.0,2007,DNV,22,19187,7.1,Japan,46782,Rotterdam,2907,2025-11-19,177.6,2028-01-31,Coral Sea Logistics,Deepwater Logistics Inc.,5,"Diesel, 4-stroke medium-speed",46,Ro-Ro Cargo Ship,18.1,In Service,0,711
5701398,MS Emerald Voyager,22.6,2014,ClassNK,106,4874,5.8,China,14571,Jebel Ali,1491,2025-08-26,167.3,2028-02-14,Emerald Coast Shipping,Emerald Coast Shipping,796,"Diesel, 2-stroke slow-speed",22,RoPax Ferry,26.1,Under Construction,0,309
1737258,MV Noble Horizon,27.0,2009,Bureau Veritas,22,21308,10.0,Netherlands,24266,Los Angeles,2095,2021-04-16,230.8,2024-02-10,Solstice Tankers Ltd.,Harborview Shipping Group,0,Diesel-electric,38,ConRo (Container/Ro-Ro),20.4,In Service,2282,1173
2695495,MV Crimson Falcon,27.9,2025,Korean Register,25,26708,10.4,Hong Kong,37652,Hong Kong,1376,2022-08-18,222.8,2024-08-20,Coral Sea Logistics,Coral Sea Logistics,0,"Diesel, 2-stroke slow-speed",60,ConRo (Container/Ro-Ro),20.5,In Service,1563,568
7429396,MS Atlantic Explorer,28.6,2000,ABS,104,7067,6.0,Isle of Man,21322,Southampton,2001,2024-03-25,191.2,2026-05-23,Emerald Coast Shipping,Aurora Fleet Services,565,Gas turbine,22,RoPax Ferry,23.4,In Service,0,396
9633422,MV Emerald Explorer,26.3,2010,DNV,23,18058,7.8,South Korea,49434,Busan,3616,2021-01-14,160.3,2023-12-11,Voyager Marine Enterprises,Solstice Tankers Ltd.,2,Dual-fuel (LNG/diesel),50,Ro-Ro Cargo Ship,18.6,In Service,0,649
6613378,MS Silver Pathfinder,27.3,2020,RINA,93,4502,6.0,South Korea,12980,Hong Kong,2130,2025-10-03,185.4,2028-02-06,Coral Sea Logistics,Coral Sea Logistics,1989,"Diesel, 4-stroke medium-speed",25,RoPax Ferry,25.2,In Service,0,341
1682049,MV Silver Pride,21.3,2018,ClassNK,20,8233,7.0,China,52640,Valencia,2305,2025-07-29,238.1,2027-08-30,Blue Horizon Shipping,Cascade Maritime Holdings,12,Gas turbine,53,Ro-Ro Cargo Ship,18.4,Decommissioned,0,1115
5526621,MV Crimson Osprey,30.9,2016,ClassNK,24,18443,10.0,Hong Kong,40026,Panama City,2480,2022-06-13,194.8,2025-05-18,Coral Sea Logistics,Coral Sea Logistics,0,"Diesel, 4-stroke medium-speed",63,ConRo (Container/Ro-Ro),19.8,In Service,2275,1737
8454154,MS Eastern Horizon,24.5,2009,China Classification Society,104,5324,6.4,Hong Kong,31331,New York/New Jersey,2069,2026-06-05,196.8,2031-05-09,Blue Horizon Shipping,Meridian Bulk Lines,1619,Gas turbine,38,RoPax Ferry,23.1,In Service,0,157
2308664,MS Meridian Current,23.2,2018,Lloyd's Register,93,2030,6.4,Malta,37032,Hong Kong,1597,2024-03-11,148.0,2027-02-16,Harborview Shipping Group,Harborview Shipping Group,2262,Gas turbine,21,RoPax Ferry,21.3,In Service,0,229
4739960,MV Southern Guardian,22.2,2002,China Classification Society,26,23879,8.4,China,25856,New York/New Jersey,1596,2021-06-24,146.4,2026-02-15,Vanguard Shipping Corp.,Vanguard Shipping Corp.,11,Diesel-electric,42,Ro-Ro Cargo Ship,19.1,In Service,0,889
6115807,MV Meridian Tide,28.6,2010,RINA,23,22269,9.8,United Kingdom,68670,Piraeus,4037,2023-10-25,222.0,2026-04-21,Aurora Fleet Services,Aurora Fleet Services,0,Gas turbine,46,Pure Car Truck Carrier (PCTC),19.7,In Service,0,4534
8285826,MV Grand Dolphin,33.2,1999,China Classification Society,21,15745,9.7,Bahamas,39680,Hamburg,4652,2026-06-28,182.5,2030-10-19,Emerald Coast Shipping,Trident Marine Group,0,Gas turbine,50,Pure Car Truck Carrier (PCTC),18.6,In Service,0,4815
8053053,MS Grand Voyager,28.0,2013,Lloyd's Register,48,4807,6.8,Denmark,37612,Bremerhaven,1131,2023-06-13,196.3,2027-09-11,Harborview Shipping Group,Zenith Ocean Transport,411,"Diesel, 4-stroke medium-speed",34,RoPax Ferry,21.3,In Service,0,424
7661372,MV Great Pathfinder,27.0,2000,Korean Register,25,28000,8.7,Singapore,44962,Felixstowe,2344,2025-06-13,197.0,2029-10-07,Continental Sealift,Continental Sealift,0,Gas turbine,36,ConRo (Container/Ro-Ro),21.6,In Service,1967,1558
5865144,MV Great Spirit,28.7,2007,RINA,22,15552,9.9,Marshall Islands,37160,Felixstowe,1964,2025-11-23,186.0,2027-07-15,Pacific Rim Maritime,Pacific Rim Maritime,0,"Diesel, 4-stroke medium-speed",31,ConRo (Container/Ro-Ro),20.8,In Service,1116,1675
2341240,MS Amber Pioneer,23.9,2009,ABS,90,7389,6.7,Italy,26139,Singapore,1749,2021-02-03,122.7,2022-06-19,Voyager Marine Enterprises,Voyager Marine Enterprises,2299,"Diesel, 2-stroke slow-speed",23,RoPax Ferry,21.8,In Service,0,525
5557618,MS Western Pioneer,22.4,2004,China Classification Society,70,3004,6.7,Singapore,30340,Busan,2219,2025-02-06,160.3,2028-06-19,Aurora Fleet Services,Harborview Shipping Group,1676,"Diesel, 4-stroke medium-speed",24,RoPax Ferry,26.5,In Service,0,553
6298398,MV Crimson Aurora,30.4,2004,Lloyd's Register,21,21396,9.8,Japan,36347,Valencia,1627,2023-04-09,208.9,2027-09-08,Deepwater Logistics Inc.,Deepwater Logistics Inc.,0,Diesel-electric,55,ConRo (Container/Ro-Ro),21.2,In Service,1199,819
6241424,MV Azure Carrier,22.7,2017,RINA,22,20773,6.2,Marshall Islands,42773,Felixstowe,1592,2025-07-29,193.3,2027-03-12,Nordwind Shipping Co.,Nordwind Shipping Co.,11,Gas turbine,75,Ro-Ro Cargo Ship,20.7,In Service,0,331
7729435,MS Celestial Pride,22.5,2012,ClassNK,89,6601,6.7,Panama,24146,Tokyo,2363,2025-01-04,196.7,2027-05-18,Silverline Maritime,Blue Horizon Shipping,1545,"Diesel, 4-stroke medium-speed",35,RoPax Ferry,26.2,In Service,0,507
6115742,MS Silver Enterprise,25.0,2024,ClassNK,49,2203,6.2,Bahamas,38204,Panama City,1866,2024-11-12,195.8,2027-01-11,Harborview Shipping Group,Harborview Shipping Group,1497,"Diesel, 4-stroke medium-speed",23,RoPax Ferry,23.7,In Service,0,680
9009712,MS Amber Endeavour,28.7,2006,ClassNK,73,7802,6.1,Panama,13709,Tokyo,1807,2024-12-28,149.8,2028-09-10,Voyager Marine Enterprises,Voyager Marine Enterprises,554,Gas turbine,20,RoPax Ferry,21.8,In Service,0,525
4135188,MV Radiant Dolphin,34.9,2005,China Classification Society,23,15118,11.1,Marshall Islands,47613,Colombo,3692,2025-11-08,216.9,2028-09-18,Trident Marine Group,Trident Marine Group,0,"Diesel, 4-stroke medium-speed",38,Pure Car Truck Carrier (PCTC),19.7,In Service,0,4128
8308848,MS Radiant Frontier,24.0,2005,RINA,82,4531,6.5,Singapore,36240,Tokyo,2293,2024-06-12,155.0,2029-03-26,Zenith Ocean Transport,Vanguard Shipping Corp.,2698,Gas turbine,35,RoPax Ferry,21.9,Under Maintenance,0,407
1469693,MS Noble Frontier,21.5,2024,Lloyd's Register,114,5908,6.7,Greece,35734,Long Beach,2131,2021-10-24,146.2,2023-02-28,Trident Marine Group,Trident Marine Group,1807,Dual-fuel (LNG/diesel),27,RoPax Ferry,26.8,In Service,0,634
9008017,MV Atlantic Osprey,26.9,2001,ABS,21,26453,9.4,Cyprus,33692,New York/New Jersey,2062,2023-06-15,208.2,2028-03-10,Blue Horizon Shipping,Blue Horizon Shipping,0,"Diesel, 4-stroke medium-speed",43,ConRo (Container/Ro-Ro),19.3,Laid Up,1734,571
5805974,MV Atlantic Falcon,37.0,2024,China Classification Society,22,12016,9.3,Hong Kong,59506,Rotterdam,4451,2024-06-01,199.9,2025-12-08,Vanguard Shipping Corp.,Vanguard Shipping Corp.,0,Gas turbine,38,Pure Car Truck Carrier (PCTC),19.0,Decommissioned,0,7310
1915795,MV Silver Mariner,29.5,2025,Lloyd's Register,24,26672,10.5,Cyprus,33601,Piraeus,1827,2025-05-21,209.5,2029-02-09,Harborview Shipping Group,Deepwater Logistics Inc.,0,Dual-fuel (LNG/diesel),46,ConRo (Container/Ro-Ro),21.0,In Service,1652,1745
5502936,MS Southern Glory,24.4,2005,ClassNK,109,4543,6.2,Norway,29414,Busan,1603,2022-12-30,211.5,2025-09-05,Blue Horizon Shipping,Blue Horizon Shipping,2506,Diesel-electric,22,RoPax Ferry,23.4,In Service,0,530
8939910,MS Atlantic Aurora,25.5,2018,ClassNK,100,7763,7.0,Bahamas,23706,Los Angeles,1334,2025-01-15,204.4,2027-09-23,Solstice Tankers Ltd.,Trident Marine Group,1436,"Diesel, 4-stroke medium-speed",34,RoPax Ferry,21.5,In Service,0,171
8330267,MV Grand Frontier,24.5,2016,Lloyd's Register,21,16743,8.3,Cyprus,57636,Piraeus,2869,2021-05-10,190.2,2022-12-12,Neptune Global Lines,Neptune Global Lines,7,"Diesel, 4-stroke medium-speed",33,Ro-Ro Cargo Ship,20.3,In Service,0,613
4237895,MS Southern Osprey,24.3,2000,ABS,52,2785,6.4,Italy,25037,Rotterdam,1029,2022-11-02,144.3,2025-08-17,Continental Sealift,Continental Sealift,2010,Diesel-electric,22,RoPax Ferry,26.9,Decommissioned,0,633
8223490,MV Radiant Pride,31.8,1997,Bureau Veritas,23,21721,9.8,South Korea,22741,Southampton,1572,2025-11-12,224.6,2028-12-01,Northstar Ocean Carriers,Atlas Ocean Carriers,0,Gas turbine,37,ConRo (Container/Ro-Ro),19.8,In Service,2533,1165
3653042,MS Arctic Frontier,29.2,1996,DNV,65,6458,6.3,Denmark,39980,Singapore,2388,2024-05-01,180.5,2029-02-11,Northstar Ocean Carriers,Northstar Ocean Carriers,1885,Gas turbine,33,RoPax Ferry,22.9,In Service,0,448
7981992,MV Silver Sentinel,28.0,2017,ABS,25,20710,6.2,Netherlands,25164,Colombo,2889,2024-02-23,133.0,2028-07-03,Coral Sea Logistics,Zenith Ocean Transport,9,Diesel-electric,61,Ro-Ro Cargo Ship,19.6,Under Construction,0,213
4616936,MV Southern Frontier,27.2,2011,ABS,21,14096,8.1,Cyprus,54403,Piraeus,4010,2025-04-07,201.3,2028-06-14,Zenith Ocean Transport,Zenith Ocean Transport,5,Diesel-electric,53,Ro-Ro Cargo Ship,21.9,In Service,0,1012
3083170,MS Grand Aurora,23.7,2008,Bureau Veritas,45,4934,6.3,Netherlands,31610,Tokyo,2036,2021-09-02,186.4,2023-07-29,Cascade Maritime Holdings,Cascade Maritime Holdings,1589,Gas turbine,16,RoPax Ferry,21.5,In Service,0,434
8187323,MV Crystal Osprey,33.6,2016,ABS,23,17862,11.5,China,64630,Hong Kong,3520,2025-05-26,196.3,2026-07-31,Continental Sealift,Coral Sea Logistics,0,Gas turbine,35,Pure Car Truck Carrier (PCTC),19.2,Under Construction,0,6527
3807083,MV Arctic Voyager,29.9,2000,DNV,21,16101,10.0,Marshall Islands,65161,Piraeus,4748,2021-02-14,194.8,2024-12-29,Northstar Ocean Carriers,Deepwater Logistics Inc.,0,"Diesel, 4-stroke medium-speed",24,Pure Car Truck Carrier (PCTC),20.0,In Service,0,5448
