id,name,beam_m,bollard_pull_tonnes,built_year,cargo_capacity_barrels,cargo_capacity_cbm,cargo_deadweight_tonnes,classification_society,crane_capacity_tonnes,crew_capacity,deadweight_tonnes,deck_cargo_tonnes,draft_m,fish_hold_cbm,flag,gross_tonnage,home_port,hopper_capacity_cbm,lane_metres,last_special_survey,length_m,livestock_capacity_head,next_drydock,operator,owner,passenger_capacity,propulsion,service_speed_knots,status,teu_capacity,vehicle_capacity_units,vessel_type
4648379,MT Radiant Venture,32.0,,2014,,23741,,China Classification Society,,21,28371,,7.3,,Italy,25826,Rotterdam,,,2025-08-31,159.5,,2029-08-14,Cascade Maritime Holdings,Voyager Marine Enterprises,,"Diesel, 4-stroke medium-speed",15.3,In Service,,,Chemical Tanker
3565532,MV Eastern Dawn,28.2,,2012,,,,China Classification Society,,25,12526,,11.2,,Norway,40310,Southampton,,,2025-10-15,175.8,,2029-02-09,Aurora Fleet Services,Aurora Fleet Services,,Gas turbine,20.5,In Service,,4075,Vehicle Carrier
4752352,MV Azure Pathfinder,14.8,,2023,,,,ABS,,10,3894,1696,6.8,,Denmark,5848,New York/New Jersey,,,2022-08-03,85.7,,2025-01-20,Aurora Fleet Services,Neptune Global Lines,,"Diesel, 4-stroke medium-speed",14.3,In Service,,,Offshore Supply Vessel
5379470,MT Atlantic Dolphin,35.5,,2025,498776,,,Bureau Veritas,,19,28098,,11.0,,Marshall Islands,17754,Piraeus,,,2025-11-21,177.5,,2030-08-11,Silverline Maritime,Silverline Maritime,,Dual-fuel (LNG/diesel),15.0,In Service,,,Product Tanker
2130823,MV Pacific Endeavour,23.4,,2005,,,12473,ABS,,15,4880,,8.0,,Malta,4525,Bremerhaven,,,2021-12-26,88.3,,2025-10-23,Blue Horizon Shipping,Blue Horizon Shipping,,Gas turbine,17.0,In Service,,,General Cargo Ship
3019935,MV Emerald Wave,54.8,,2005,,,,ABS,,20,145032,,10.6,,Japan,177509,Hong Kong,,,2023-02-18,358.7,,2026-09-19,Blue Horizon Shipping,Blue Horizon Shipping,,Dual-fuel (LNG/diesel),21.5,In Service,11321,,Container Ship
8015037,MT Golden Navigator,24.3,,2024,503008,,,ABS,,22,45569,,10.8,,Denmark,27627,Jebel Ali,,,2025-09-14,97.7,,2030-05-24,Pacific Rim Maritime,Pacific Rim Maritime,,Diesel-electric,15.1,In Service,,,Product Tanker
3205443,MV Western Horizon,40.8,,2023,,,,ClassNK,,24,172904,,16.2,,Cyprus,54403,Jebel Ali,,,2022-10-24,179.8,,2025-11-05,Northstar Ocean Carriers,Emerald Coast Shipping,,Dual-fuel (LNG/diesel),21.0,In Service,3191,,Container Ship
4991611,MV Radiant Enterprise,29.8,,2009,,79196,,ClassNK,,26,31980,,11.4,,South Korea,20599,Los Angeles,,,2025-11-13,195.9,,2029-12-31,Nordwind Shipping Co.,Blue Horizon Shipping,,Gas turbine,17.7,In Service,,,LPG Carrier
7458830,MT Southern Mariner,22.4,,2007,,38089,,ABS,,20,35393,,9.5,,China,12876,Piraeus,,,2025-01-06,177.7,,2027-04-15,Deepwater Logistics Inc.,Silverline Maritime,,"Diesel, 4-stroke medium-speed",13.8,In Service,,,Chemical Tanker
9379442,MV Arctic Spirit,24.8,,2007,,47105,,Lloyd's Register,,21,40111,,11.2,,Isle of Man,58543,Panama City,,,2025-05-15,180.0,,2027-12-13,Northstar Ocean Carriers,Blue Horizon Shipping,,Diesel-electric,16.3,In Service,,,LPG Carrier
7237418,MS Emerald Dolphin,17.6,,2021,,,,China Classification Society,,77,5125,,5.5,,United Kingdom,31974,Busan,,,2022-05-24,150.3,,2023-12-15,Deepwater Logistics Inc.,Deepwater Logistics Inc.,1872,"Diesel, 4-stroke medium-speed",19.5,Decommissioned,,,Ferry
9309461,MT Amber Odyssey,53.7,,2000,1582628,,,Lloyd's Register,,23,189140,,13.1,,Bahamas,209124,Santos,,,2024-01-01,320.5,,2025-12-16,Zenith Ocean Transport,Continental Sealift,,"Diesel, 4-stroke medium-speed",15.6,In Service,,,Crude Oil Tanker
6754794,MV Arctic Legacy,30.9,,2020,,,,Korean Register,,15,118149,,12.8,,Netherlands,157130,Piraeus,,,2021-05-09,240.9,,2026-03-03,Cascade Maritime Holdings,Cascade Maritime Holdings,,"Diesel, 4-stroke medium-speed",23.8,In Service,13684,,Container Ship
1411775,MV Southern Aurora,45.8,,2005,,,152475,RINA,,23,107648,,14.7,,South Korea,113923,Los Angeles,,,2026-08-20,239.0,,2031-06-01,Aurora Fleet Services,Trident Marine Group,,Diesel-electric,13.6,In Service,,,Bulk Carrier
6520507,MV Noble Discovery,44.1,,2012,,,146088,Korean Register,,21,41918,,11.9,,South Korea,16365,Valencia,,,2024-07-14,288.6,,2026-08-18,Emerald Coast Shipping,Blue Horizon Shipping,,"Diesel, 4-stroke medium-speed",13.2,In Service,,,Bulk Carrier
8509868,MV Southern Odyssey,9.1,51,2020,,,,ClassNK,,8,596,,3.1,,Norway,571,Busan,,,2023-04-10,29.1,,2024-12-25,Meridian Bulk Lines,Meridian Bulk Lines,,Gas turbine,13.1,In Service,,,Tugboat
6799744,MV Celestial Horizon,19.4,,2018,,,,Lloyd's Register,,13,4652,1544,5.3,,Greece,5836,Piraeus,,,2025-03-17,83.6,,2029-01-05,Nordwind Shipping Co.,Zenith Ocean Transport,,"Diesel, 2-stroke slow-speed",12.6,In Service,,,Offshore Supply Vessel
2204519,MV Grand Legacy,49.4,,2025,,,58557,ABS,,23,171637,,12.3,,Japan,138954,Valencia,,,2025-02-25,238.4,,2029-04-14,Blue Horizon Shipping,Blue Horizon Shipping,,"Diesel, 2-stroke slow-speed",13.9,In Service,,,Bulk Carrier
8023515,MV Crimson Pioneer,57.6,,1999,,,,China Classification Society,,20,48134,,10.5,,Marshall Islands,212668,Felixstowe,,,2026-02-27,266.7,,2027-08-10,Atlas Ocean Carriers,Atlas Ocean Carriers,,Gas turbine,20.8,In Service,10398,,Container Ship
4532702,MV Crystal Falcon,44.4,,2000,,149998,,RINA,,30,86689,,11.4,,Malta,122772,Shanghai,,,2024-02-03,315.0,,2027-05-27,Neptune Global Lines,Trident Marine Group,,"Diesel, 2-stroke slow-speed",19.3,In Service,,,LNG Carrier
9271999,MV Silver Enterprise,36.8,,2017,,,,China Classification Society,,20,114844,,13.6,,Denmark,228135,Singapore,,,2026-03-21,382.3,,2030-05-19,Deepwater Logistics Inc.,Deepwater Logistics Inc.,,"Diesel, 4-stroke medium-speed",19.4,In Service,4979,,Container Ship
5294333,MS Celestial Current,28.6,,2019,,,,Lloyd's Register,,1401,18103,,8.5,,Denmark,168180,Hamburg,,,2026-03-05,253.9,,2029-02-09,Atlas Ocean Carriers,Continental Sealift,6276,Diesel-electric,23.0,In Service,,,Cruise Ship
9512317,MV Coral Legacy,33.8,,1994,,66467,,ABS,,23,32749,,10.0,,Malta,18770,New York/New Jersey,,,2026-07-27,222.4,,2031-05-08,Blue Horizon Shipping,Coral Sea Logistics,,Diesel-electric,17.6,In Service,,,LPG Carrier
1642300,MT Atlantic Current,42.9,,1998,359970,,,Korean Register,,21,11030,,8.7,,Hong Kong,9994,Hong Kong,,,2022-07-29,105.9,,2027-02-16,Blue Horizon Shipping,Coral Sea Logistics,,Gas turbine,15.7,In Service,,,Product Tanker
5018753,MS Celestial Endeavour,34.2,,2012,,,,China Classification Society,,2071,17433,,8.7,,Marshall Islands,101713,Antwerp,,,2025-07-25,220.0,,2029-08-07,Solstice Tankers Ltd.,Coral Sea Logistics,2874,Gas turbine,20.9,Under Construction,,,Cruise Ship
2230415,MS Arctic Endeavour,58.3,,2007,,,,Korean Register,,1555,15961,,7.5,,Liberia,99295,Los Angeles,,,2026-07-29,271.4,,2029-06-24,Pacific Rim Maritime,Silverline Maritime,4074,"Diesel, 2-stroke slow-speed",23.3,In Service,,,Cruise Ship
1807651,MV Golden Pioneer,52.1,,2019,,253703,,Bureau Veritas,,29,119519,,12.1,,Japan,155034,Singapore,,,2025-06-01,332.3,,2026-10-07,Atlas Ocean Carriers,Atlas Ocean Carriers,,Diesel-electric,19.6,In Service,,,LNG Carrier
3062592,MV Meridian Pioneer,18.2,,1997,,,205687,Bureau Veritas,,24,96941,,10.8,,Panama,88281,Southampton,,,2023-07-08,185.8,,2025-11-03,Zenith Ocean Transport,Zenith Ocean Transport,,"Diesel, 2-stroke slow-speed",13.5,In Service,,,Bulk Carrier
2101705,MT Radiant Star,27.2,,2011,,18740,,China Classification Society,,19,29229,,8.7,,South Korea,34834,Los Angeles,,,2024-03-26,113.4,,2027-05-12,Pacific Rim Maritime,Voyager Marine Enterprises,,"Diesel, 2-stroke slow-speed",13.2,Under Maintenance,,,Chemical Tanker
8771667,MV Grand Current,59.2,,2025,,,,Korean Register,,24,58252,,12.0,,Singapore,63352,Rotterdam,,,2022-08-03,223.8,,2024-08-24,Neptune Global Lines,Neptune Global Lines,,"Diesel, 2-stroke slow-speed",18.1,Under Maintenance,11227,,Container Ship
3537028,MV Coral Voyager,48.6,,2011,,,,China Classification Society,,21,203289,,14.6,,Denmark,64883,Jebel Ali,,,2023-03-25,271.3,,2027-09-03,Neptune Global Lines,Neptune Global Lines,,"Diesel, 2-stroke slow-speed",18.0,In Service,10109,,Container Ship
5070294,MT Royal Aurora,41.9,,2021,234042,,,China Classification Society,,20,22145,,12.5,,Norway,13825,Long Beach,,,2024-12-18,95.6,,2029-04-04,Meridian Bulk Lines,Meridian Bulk Lines,,Gas turbine,14.6,In Service,,,Product Tanker
5715674,MV Azure Glory,31.7,,1997,,,,RINA,,22,24714,,11.0,,Liberia,33878,Felixstowe,,,2024-04-07,213.6,,2029-01-06,Emerald Coast Shipping,Emerald Coast Shipping,,"Diesel, 2-stroke slow-speed",18.0,Under Maintenance,,2534,Vehicle Carrier
1111507,MV Southern Current,20.2,,1995,,,13798,China Classification Society,,15,10155,,7.9,,Panama,11746,Busan,,,2023-02-20,151.4,,2027-06-14,Zenith Ocean Transport,Zenith Ocean Transport,,Diesel-electric,14.9,In Service,,,General Cargo Ship
2702224,MS Pacific Trader,14.4,,2003,,,,China Classification Society,,54,6080,,4.1,,United Kingdom,3070,Hamburg,,,2023-02-22,121.9,,2024-08-04,Vanguard Shipping Corp.,Vanguard Shipping Corp.,843,"Diesel, 4-stroke medium-speed",21.3,In Service,,,Ferry
9457866,MS Arctic Venture,64.4,,2025,,,,China Classification Society,,1625,8700,,7.3,,United Kingdom,54920,Piraeus,,,2023-10-29,284.5,,2026-03-13,Blue Horizon Shipping,Blue Horizon Shipping,6404,Dual-fuel (LNG/diesel),21.2,Laid Up,,,Cruise Ship
4705880,MV Coral Glory,52.7,,2013,,,179083,Bureau Veritas,,19,165969,,15.3,,United Kingdom,71686,Piraeus,,,2026-01-11,184.5,,2029-06-21,Silverline Maritime,Solstice Tankers Ltd.,,Diesel-electric,13.3,In Service,,,Bulk Carrier
8355205,MV Radiant Osprey,57.9,,2021,,,195512,DNV,,25,17597,,12.6,,Norway,60201,Tokyo,,,2023-05-19,218.0,,2024-06-06,Vanguard Shipping Corp.,Vanguard Shipping Corp.,,"Diesel, 4-stroke medium-speed",12.1,In Service,,,Bulk Carrier
5422552,MV Pacific Navigator,52.8,,2005,,,82588,China Classification Society,,21,82650,,15.5,,Hong Kong,22431,Southampton,,,2022-10-14,180.3,,2026-05-31,Deepwater Logistics Inc.,Deepwater Logistics Inc.,,"Diesel, 4-stroke medium-speed",12.4,Decommissioned,,,Bulk Carrier
6850328,MV Azure Spirit,18.1,,1998,,,187529,ClassNK,,23,166616,,10.8,,Norway,136155,Shanghai,,,2022-01-19,267.4,,2024-02-04,Silverline Maritime,Silverline Maritime,,Diesel-electric,12.2,In Service,,,Bulk Carrier
3087970,MV Coral Spirit,57.1,,2004,,,,DNV,,14,36695,,15.8,,Singapore,86700,Piraeus,,,2026-09-11,218.6,,2028-03-30,Trident Marine Group,Vanguard Shipping Corp.,,Diesel-electric,20.3,Under Construction,17082,,Container Ship
9171876,MV Atlantic Pride,59.6,,2010,,,200699,ABS,,25,180828,,13.7,,United Kingdom,14583,Long Beach,,,2022-08-03,248.7,,2027-03-06,Harborview Shipping Group,Harborview Shipping Group,,"Diesel, 2-stroke slow-speed",13.0,In Service,,,Bulk Carrier
3697787,MS Northern Carrier,26.5,,2022,,,,Lloyd's Register,,21,2437,,5.1,,Japan,33232,Colombo,,,2022-08-21,76.1,,2026-07-03,Meridian Bulk Lines,Meridian Bulk Lines,1196,"Diesel, 2-stroke slow-speed",21.3,Under Maintenance,,,Ferry
4843967,MT Royal Falcon,52.2,,1993,900641,,,Bureau Veritas,,30,83605,,14.4,,Liberia,129350,Jebel Ali,,,2025-11-23,255.7,,2030-06-04,Trident Marine Group,Solstice Tankers Ltd.,,"Diesel, 2-stroke slow-speed",15.3,In Service,,,Crude Oil Tanker
9854909,MT Silver Dolphin,36.0,,1996,387285,,,Bureau Veritas,,21,64417,,7.8,,Marshall Islands,41715,Santos,,,2022-01-15,176.4,,2026-04-08,Emerald Coast Shipping,Deepwater Logistics Inc.,,"Diesel, 2-stroke slow-speed",14.2,Under Maintenance,,,Product Tanker
2583575,MT Amber Voyager,45.9,,2001,1966101,,,DNV,,22,39197,,13.6,,Greece,74248,Busan,,,2022-06-25,356.6,,2027-03-30,Aurora Fleet Services,Neptune Global Lines,,Dual-fuel (LNG/diesel),14.1,In Service,,,Crude Oil Tanker
7192993,MV Northern Eagle,58.0,,2010,,,189991,RINA,,21,123005,,14.7,,South Korea,114944,Busan,,,2021-01-22,229.2,,2025-03-06,Vanguard Shipping Corp.,Zenith Ocean Transport,,"Diesel, 2-stroke slow-speed",13.3,In Service,,,Bulk Carrier
8709133,MV Noble Trader,31.9,,2001,,,,Korean Register,,25,24538,,11.3,,Hong Kong,70538,Antwerp,,,2023-10-05,229.6,,2027-09-29,Northstar Ocean Carriers,Nordwind Shipping Co.,,"Diesel, 2-stroke slow-speed",18.5,In Service,,4408,Vehicle Carrier
3007748,MV Southern Explorer,20.2,,2016,,,37410,ClassNK,,19,186910,,13.0,,Italy,97822,Bremerhaven,,,2024-06-15,311.8,,2025-11-23,Neptune Global Lines,Neptune Global Lines,,Gas turbine,13.1,Under Maintenance,,,Bulk Carrier
9071193,MV Great Explorer,33.3,,1998,,,,ABS,,22,44673,,13.4,,Japan,81748,Panama City,,,2023-02-14,324.3,,2024-04-06,Continental Sealift,Continental Sealift,,"Diesel, 2-stroke slow-speed",22.2,In Service,20463,,Container Ship
4210615,MV Crystal Comet,21.2,,2000,,488402,,Lloyd's Register,,19,12300,,9.1,,China,9713,Santos,,,2026-03-25,160.1,,2028-11-25,Voyager Marine Enterprises,Voyager Marine Enterprises,,"Diesel, 4-stroke medium-speed",20.1,Under Maintenance,,,Refrigerated Cargo Ship
4877293,MV Coral Dawn,31.2,,2008,,,,China Classification Society,440,17,14025,,8.7,,Hong Kong,32991,Piraeus,,,2024-08-26,126.8,,2026-03-15,Deepwater Logistics Inc.,Emerald Coast Shipping,,"Diesel, 2-stroke slow-speed",15.8,In Service,,,Heavy Lift Ship
5313701,MV Royal Wave,58.6,,2021,,,,ClassNK,,14,170016,,13.6,,Marshall Islands,169592,Antwerp,,,2025-08-01,197.6,,2026-10-19,Cascade Maritime Holdings,Cascade Maritime Holdings,,Dual-fuel (LNG/diesel),18.4,In Service,14387,,Container Ship
7116951,MV Northern Voyager,26.2,,2010,,,139541,Bureau Veritas,,21,170706,,12.0,,United Kingdom,95774,Long Beach,,,2022-08-20,128.5,,2026-07-16,Voyager Marine Enterprises,Cascade Maritime Holdings,,Gas turbine,12.4,In Service,,,Bulk Carrier
1832474,MV Crystal Enterprise,49.1,,2019,,,,Korean Register,,13,210616,,15.8,,Hong Kong,87908,Santos,,,2022-11-29,199.3,,2026-08-17,Aurora Fleet Services,Pacific Rim Maritime,,Gas turbine,23.3,In Service,1098,,Container Ship
5865194,MV Celestial Guardian,12.6,,2022,,,,Korean Register,,15,2007,,5.9,2247,United Kingdom,444,Hamburg,,,2023-05-14,52.0,,2028-01-11,Nordwind Shipping Co.,Trident Marine Group,,"Diesel, 2-stroke slow-speed",11.9,In Service,,,Fishing Trawler
6385567,MV Pacific Falcon,32.5,,1995,,,,ClassNK,,21,123928,,13.4,,Netherlands,106010,Santos,,,2024-11-15,272.7,,2029-11-11,Meridian Bulk Lines,Meridian Bulk Lines,,Gas turbine,18.9,In Service,17484,,Container Ship
1408467,MS Northern Comet,49.8,,2000,,,,Lloyd's Register,,1921,12480,,7.8,,Isle of Man,58478,Singapore,,,2026-07-09,219.8,,2029-11-17,Harborview Shipping Group,Harborview Shipping Group,2172,Gas turbine,22.8,In Service,,,Cruise Ship
5231783,MT Great Frontier,29.3,,2012,359859,,,ClassNK,,22,40026,,8.4,,Japan,9274,Antwerp,,,2025-11-09,140.4,,2029-06-02,Atlas Ocean Carriers,Neptune Global Lines,,Gas turbine,14.6,Under Construction,,,Product Tanker
8188652,MV Crimson Current,27.6,,2008,,,170877,China Classification Society,,21,118135,,12.4,,Denmark,166564,New York/New Jersey,,,2024-02-26,191.1,,2025-10-11,Coral Sea Logistics,Coral Sea Logistics,,Diesel-electric,14.4,In Service,,,Bulk Carrier
3699395,MV Azure Falcon,23.7,,2023,,,,Bureau Veritas,,29,30089,,11.0,,South Korea,6608,New York/New Jersey,32143,,2023-09-10,150.0,,2027-12-07,Trident Marine Group,Trident Marine Group,,Dual-fuel (LNG/diesel),13.0,In Service,,,Dredger
6271845,MV Crystal Horizon,25.6,,1996,,33192,,RINA,,26,20603,,10.2,,Marshall Islands,54796,Colombo,,,2025-05-22,208.2,,2029-09-29,Trident Marine Group,Trident Marine Group,,"Diesel, 2-stroke slow-speed",18.0,In Service,,,LPG Carrier
3968564,MV Arctic Mariner,26.6,,1999,,,,DNV,,26,9173,,9.0,,Singapore,23153,New York/New Jersey,3797,,2024-12-07,115.4,,2026-01-08,Voyager Marine Enterprises,Voyager Marine Enterprises,,Diesel-electric,11.0,Decommissioned,,,Dredger
4428389,MT Radiant Endeavour,26.8,,2021,,19797,,RINA,,24,35267,,6.9,,Norway,24193,Santos,,,2022-10-16,142.1,,2026-06-09,Atlas Ocean Carriers,Atlas Ocean Carriers,,"Diesel, 2-stroke slow-speed",13.9,In Service,,,Chemical Tanker
4279697,MS Emerald Legacy,46.8,,1998,,,,RINA,,2116,8251,,8.8,,Liberia,101821,Shanghai,,,2025-01-10,340.7,,2029-05-10,Atlas Ocean Carriers,Atlas Ocean Carriers,2801,Gas turbine,21.9,In Service,,,Cruise Ship
7448689,MV Crimson Glory,34.0,,2004,,,,DNV,,24,18039,,9.4,,China,70045,Los Angeles,,,2025-02-28,223.5,,2029-09-30,Deepwater Logistics Inc.,Deepwater Logistics Inc.,,Gas turbine,20.1,In Service,,5386,Vehicle Carrier
4886505,MV Silver Mariner,55.3,,2009,,,,DNV,,17,45909,,11.1,,Bahamas,92221,Jebel Ali,,,2024-10-10,186.1,,2026-03-11,Voyager Marine Enterprises,Solstice Tankers Ltd.,,Dual-fuel (LNG/diesel),22.7,In Service,6543,,Container Ship
8765278,MV Arctic Odyssey,10.3,25,2025,,,,Bureau Veritas,,6,439,,5.2,,Greece,445,Shanghai,,,2021-12-25,24.9,,2024-03-06,Trident Marine Group,Trident Marine Group,,Dual-fuel (LNG/diesel),12.1,In Service,,,Tugboat
9064669,MT Great Navigator,24.6,,2011,,43618,,DNV,,19,45991,,10.0,,United Kingdom,9742,Hamburg,,,2023-01-21,180.0,,2026-05-11,Aurora Fleet Services,Aurora Fleet Services,,Dual-fuel (LNG/diesel),14.5,Under Maintenance,,,Chemical Tanker
1589429,MV Northern Pioneer,56.5,,1998,,,156966,Bureau Veritas,,19,53917,,8.9,,Norway,45686,Hamburg,,,2023-06-09,124.7,,2028-02-27,Trident Marine Group,Aurora Fleet Services,,Gas turbine,13.8,Laid Up,,,Bulk Carrier
5141720,MV Meridian Osprey,19.8,,2007,,,,Lloyd's Register,,19,2324,2210,5.1,,Liberia,1870,Hong Kong,,,2021-02-11,55.7,,2022-04-12,Coral Sea Logistics,Coral Sea Logistics,,Diesel-electric,12.8,Decommissioned,,,Offshore Supply Vessel
6686662,MV Great Endeavour,11.6,,1997,,,,Bureau Veritas,,11,3032,,6.3,1898,Hong Kong,1916,Rotterdam,,,2026-01-12,79.9,,2027-03-19,Vanguard Shipping Corp.,Vanguard Shipping Corp.,,"Diesel, 4-stroke medium-speed",14.9,In Service,,,Fishing Trawler
2753986,MV Amber Pride,34.9,,2005,,,,China Classification Society,,23,16669,,11.3,,Hong Kong,74731,Santos,,,2024-12-29,205.3,,2029-01-23,Pacific Rim Maritime,Pacific Rim Maritime,,"Diesel, 2-stroke slow-speed",20.5,In Service,,7227,Vehicle Carrier
2353126,MT Amber Falcon,47.0,,2019,569955,,,Korean Register,,25,64857,,13.7,,Japan,41150,Rotterdam,,,2022-11-09,316.8,,2026-11-25,Silverline Maritime,Silverline Maritime,,Dual-fuel (LNG/diesel),15.1,In Service,,,Crude Oil Tanker
3690478,MT Western Spirit,34.9,,2020,440269,,,DNV,,20,25701,,11.7,,Liberia,11740,Jebel Ali,,,2022-12-11,101.1,,2027-08-18,Harborview Shipping Group,Vanguard Shipping Corp.,,Gas turbine,15.4,Under Construction,,,Product Tanker
8529105,MV Noble Venture,29.7,,2018,,,,DNV,,17,186184,,16.2,,China,162036,Valencia,,,2022-07-16,361.9,,2024-10-28,Atlas Ocean Carriers,Atlas Ocean Carriers,,"Diesel, 2-stroke slow-speed",20.5,Under Construction,23794,,Container Ship
2428646,MV Grand Horizon,36.9,,2008,,,,Bureau Veritas,,24,165781,,9.5,,Singapore,219473,Long Beach,,,2024-12-13,258.1,,2028-11-21,Zenith Ocean Transport,Meridian Bulk Lines,,"Diesel, 4-stroke medium-speed",19.3,In Service,12585,,Container Ship
4133025,MV Crimson Enterprise,10.0,56,2006,,,,China Classification Society,,6,927,,4.2,,China,893,Long Beach,,,2022-05-26,28.6,,2024-03-19,Trident Marine Group,Solstice Tankers Ltd.,,Diesel-electric,12.1,In Service,,,Tugboat
9895305,MV Pacific Spirit,37.3,,2025,,,19277,Bureau Veritas,,24,142037,,17.9,,Italy,61906,Los Angeles,,,2026-09-14,130.8,,2029-05-19,Aurora Fleet Services,Aurora Fleet Services,,Gas turbine,13.9,In Service,,,Bulk Carrier
5983776,MT Pacific Tide,19.8,,1994,403709,,,Bureau Veritas,,22,25601,,10.0,,Cyprus,42761,Tokyo,,,2021-05-02,223.1,,2025-12-10,Solstice Tankers Ltd.,Solstice Tankers Ltd.,,"Diesel, 2-stroke slow-speed",14.9,In Service,,,Product Tanker
4193726,MV Atlantic Enterprise,58.5,,2001,,,176505,DNV,,24,30000,,11.4,,Hong Kong,44925,Busan,,,2022-08-24,183.5,,2023-12-04,Atlas Ocean Carriers,Aurora Fleet Services,,Gas turbine,13.6,In Service,,,Bulk Carrier
9409912,MV Amber Legacy,39.8,,2012,,,128352,ClassNK,,20,192359,,8.6,,Panama,88347,Southampton,,,2022-02-06,234.4,,2025-11-30,Nordwind Shipping Co.,Nordwind Shipping Co.,,"Diesel, 2-stroke slow-speed",14.1,In Service,,,Bulk Carrier
4990825,MV Eastern Mariner,36.9,,1998,,,,RINA,,22,14409,,9.0,,Norway,36831,Shanghai,,,2025-08-14,168.0,,2026-10-16,Silverline Maritime,Vanguard Shipping Corp.,,"Diesel, 4-stroke medium-speed",18.5,In Service,,5581,Vehicle Carrier
3443320,MT Celestial Voyager,40.7,,2007,1076082,,,ClassNK,,21,160196,,20.3,,Malta,198002,Bremerhaven,,,2021-03-15,200.4,,2022-11-10,Harborview Shipping Group,Harborview Shipping Group,,Diesel-electric,15.1,In Service,,,Crude Oil Tanker
9627112,MV Northern Dolphin,36.7,,2023,,46695,,RINA,,22,22633,,11.9,,Netherlands,20881,Southampton,,,2021-08-05,175.4,,2026-03-02,Zenith Ocean Transport,Zenith Ocean Transport,,"Diesel, 4-stroke medium-speed",17.4,In Service,,,LPG Carrier
1238434,MV Golden Horizon,23.8,,1993,,,,Korean Register,,23,35229,,8.0,,Marshall Islands,10444,Los Angeles,9805,,2023-06-05,166.2,,2026-05-02,Vanguard Shipping Corp.,Atlas Ocean Carriers,,"Diesel, 4-stroke medium-speed",12.5,Under Construction,,,Dredger
3884251,MV Amber Star,57.3,,2025,,,,Bureau Veritas,,24,214383,,12.5,,Hong Kong,138917,New York/New Jersey,,,2023-06-12,314.0,,2026-07-15,Pacific Rim Maritime,Pacific Rim Maritime,,Dual-fuel (LNG/diesel),23.9,In Service,6897,,Container Ship
1208623,MS Great Discovery,35.5,,2024,,,,ClassNK,,1573,15221,,7.4,,Bahamas,152766,Shanghai,,,2024-07-26,290.1,,2027-09-19,Trident Marine Group,Northstar Ocean Carriers,5560,Dual-fuel (LNG/diesel),22.9,Laid Up,,,Cruise Ship
1651181,MV Crystal Star,21.6,,2017,,364517,,Bureau Veritas,,18,13719,,9.0,,Norway,14841,Jebel Ali,,,2022-03-08,156.0,,2024-11-11,Northstar Ocean Carriers,Northstar Ocean Carriers,,"Diesel, 4-stroke medium-speed",20.1,In Service,,,Refrigerated Cargo Ship
6471823,MT Emerald Voyager,30.8,,2012,311014,,,ClassNK,,22,12374,,7.6,,Marshall Islands,17285,Los Angeles,,,2026-06-28,176.0,,2029-05-17,Emerald Coast Shipping,Cascade Maritime Holdings,,"Diesel, 4-stroke medium-speed",15.8,In Service,,,Product Tanker
7559880,MV Radiant Tide,17.5,,2019,,,,China Classification Society,,19,1924,3777,6.6,,United Kingdom,5040,Hong Kong,,,2022-06-16,85.2,,2026-02-07,Harborview Shipping Group,Harborview Shipping Group,,Gas turbine,14.0,In Service,,,Offshore Supply Vessel
6323404,MT Great Voyager,34.5,,2009,175182,,,Korean Register,,20,12019,,11.0,,Italy,41463,Singapore,,,2025-07-25,114.4,,2029-03-27,Cascade Maritime Holdings,Cascade Maritime Holdings,,"Diesel, 2-stroke slow-speed",16.0,In Service,,,Product Tanker
1602336,MV Silver Trader,50.6,,2013,,170834,,China Classification Society,,32,100185,,11.8,,Malta,162465,Antwerp,,,2026-08-23,341.4,,2031-06-04,Nordwind Shipping Co.,Nordwind Shipping Co.,,Dual-fuel (LNG/diesel),19.0,Under Construction,,,LNG Carrier
2897823,MT Emerald Enterprise,21.1,,2012,,27795,,Lloyd's Register,,18,33994,,9.4,,Hong Kong,29914,Piraeus,,,2023-09-28,111.4,,2026-11-24,Blue Horizon Shipping,Meridian Bulk Lines,,Gas turbine,13.2,Decommissioned,,,Chemical Tanker
2711677,MV Royal Pathfinder,39.6,,2018,,,64745,RINA,,20,78297,,15.6,,Bahamas,166874,Long Beach,,,2022-11-15,313.4,,2026-06-15,Atlas Ocean Carriers,Atlas Ocean Carriers,,Diesel-electric,13.6,In Service,,,Bulk Carrier
4875908,MT Great Dawn,35.4,,2015,1774938,,,China Classification Society,,29,210154,,13.8,,Panama,26575,Santos,,,2024-04-03,228.6,,2028-06-03,Nordwind Shipping Co.,Nordwind Shipping Co.,,"Diesel, 4-stroke medium-speed",16.0,In Service,,,Crude Oil Tanker
5980035,MV Eastern Enterprise,34.0,,2022,,,65089,RINA,,20,134564,,9.9,,Cyprus,68554,Hamburg,,,2021-08-18,334.6,,2025-01-27,Pacific Rim Maritime,Pacific Rim Maritime,,Dual-fuel (LNG/diesel),14.5,In Service,,,Bulk Carrier
5858919,MV Royal Trader,7.3,,1996,,,,DNV,,19,2670,,4.8,188,Denmark,2002,Santos,,,2023-12-08,32.7,,2026-01-10,Coral Sea Logistics,Coral Sea Logistics,,"Diesel, 4-stroke medium-speed",13.2,In Service,,,Fishing Trawler
5433159,MS Emerald Horizon,59.8,,1999,,,,Korean Register,,1091,17364,,8.6,,Malta,69106,Hong Kong,,,2024-02-12,325.9,,2027-10-19,Harborview Shipping Group,Harborview Shipping Group,1252,Gas turbine,21.9,Under Maintenance,,,Cruise Ship
8520604,MV Radiant Pioneer,38.1,,2015,,,165914,DNV,,22,34101,,11.9,,Netherlands,90799,Antwerp,,,2022-12-30,276.9,,2027-11-05,Continental Sealift,Aurora Fleet Services,,Diesel-electric,13.3,Under Maintenance,,,Bulk Carrier
8308446,MV Crimson Aurora,33.2,,2024,,35171,,Korean Register,,23,43653,,11.9,,Denmark,40663,Southampton,,,2023-02-03,169.1,,2024-12-30,Meridian Bulk Lines,Aurora Fleet Services,,Diesel-electric,17.5,In Service,,,LPG Carrier
6801925,MS Crimson Dolphin,25.2,,2009,,,,ClassNK,,71,2948,,4.3,,Greece,27197,Felixstowe,,,2022-07-19,148.7,,2027-04-22,Neptune Global Lines,Neptune Global Lines,1122,Gas turbine,23.5,In Service,,,Ferry
3684273,MV Great Pride,49.8,,1995,,,,China Classification Society,,20,54669,,11.3,,Netherlands,33059,Tokyo,,,2021-05-05,211.9,,2022-09-03,Atlas Ocean Carriers,Voyager Marine Enterprises,,Dual-fuel (LNG/diesel),23.1,Under Maintenance,16053,,Container Ship
9568304,MT Great Comet,39.5,,2012,428064,,,China Classification Society,,21,67374,,11.9,,Singapore,22353,Tokyo,,,2024-01-17,196.9,,2026-11-23,Meridian Bulk Lines,Aurora Fleet Services,,Dual-fuel (LNG/diesel),14.7,In Service,,,Product Tanker
7203077,MV Eastern Odyssey,45.5,,2013,,,48739,ABS,,24,62781,,17.0,,Japan,93137,Colombo,,,2023-02-20,213.9,,2027-10-20,Deepwater Logistics Inc.,Deepwater Logistics Inc.,,"Diesel, 2-stroke slow-speed",12.5,In Service,,,Bulk Carrier
3186271,MT Western Frontier,30.6,,1997,400338,,,China Classification Society,,21,24869,,7.9,,Denmark,36041,Colombo,,,2023-06-03,185.7,,2028-05-11,Meridian Bulk Lines,Meridian Bulk Lines,,"Diesel, 4-stroke medium-speed",14.3,In Service,,,Product Tanker
3679814,MV Great Trader,27.3,,2022,,,,Lloyd's Register,,17,201547,,10.2,,Bahamas,33921,Santos,,,2024-02-02,320.6,,2026-11-15,Aurora Fleet Services,Aurora Fleet Services,,"Diesel, 4-stroke medium-speed",22.1,Under Construction,3788,,Container Ship
1004302,MV Western Discovery,53.6,,2022,,,,China Classification Society,,20,211767,,14.3,,South Korea,165830,Felixstowe,,,2021-01-31,175.6,,2025-12-02,Continental Sealift,Continental Sealift,,Diesel-electric,18.1,In Service,17785,,Container Ship
5448099,MV Northern Legacy,44.1,,2020,,,42828,Lloyd's Register,,22,126694,,11.0,,Norway,135178,New York/New Jersey,,,2023-03-05,234.5,,2024-04-19,Neptune Global Lines,Neptune Global Lines,,"Diesel, 4-stroke medium-speed",12.3,In Service,,,Bulk Carrier
9964948,MV Northern Aurora,44.4,,1992,,,,ClassNK,,14,102387,,10.3,,Isle of Man,141006,Long Beach,,,2026-03-13,287.7,,2027-04-19,Vanguard Shipping Corp.,Vanguard Shipping Corp.,,"Diesel, 2-stroke slow-speed",19.2,In Service,22534,,Container Ship
4497615,MT Pacific Guardian,16.2,,2025,,24808,,Lloyd's Register,,22,27254,,9.2,,Japan,20258,Hong Kong,,,2023-08-17,170.2,,2026-12-31,Blue Horizon Shipping,Blue Horizon Shipping,,Gas turbine,14.4,Under Maintenance,,,Chemical Tanker
3434355,MS Western Dawn,21.3,,2019,,,,Korean Register,,64,7031,,4.2,,China,22129,Hamburg,,,2022-05-29,81.1,,2025-07-18,Continental Sealift,Trident Marine Group,2189,Diesel-electric,19.8,Decommissioned,,,Ferry
1638191,MT Silver Voyager,23.5,,1995,289041,,,DNV,,21,73415,,8.1,,Netherlands,33349,Long Beach,,,2021-03-22,156.7,,2026-02-20,Emerald Coast Shipping,Emerald Coast Shipping,,Dual-fuel (LNG/diesel),14.9,In Service,,,Product Tanker
3962895,MV Radiant Pathfinder,20.3,,2022,,,,Bureau Veritas,,19,6277,,6.4,,Malta,16522,Shanghai,,,2024-06-08,171.2,15332,2026-04-05,Solstice Tankers Ltd.,Cascade Maritime Holdings,,"Diesel, 2-stroke slow-speed",14.4,In Service,,,Livestock Carrier
5341459,MV Radiant Navigator,17.5,,2015,,,,Bureau Veritas,,20,3436,3189,7.0,,Cyprus,3147,Southampton,,,2023-03-14,71.1,,2025-03-23,Blue Horizon Shipping,Meridian Bulk Lines,,Dual-fuel (LNG/diesel),15.1,In Service,,,Offshore Supply Vessel
2756500,MV Southern Eagle,21.5,,2023,,,,ABS,,26,16582,,7.2,,Hong Kong,20196,Colombo,,,2023-10-24,117.1,18588,2025-06-13,Solstice Tankers Ltd.,Solstice Tankers Ltd.,,"Diesel, 2-stroke slow-speed",16.4,In Service,,,Livestock Carrier
4167818,MV Crystal Glory,14.3,,2002,,,,Korean Register,,14,3158,,5.4,1742,Netherlands,623,Bremerhaven,,,2025-08-03,59.9,,2026-12-27,Atlas Ocean Carriers,Meridian Bulk Lines,,Diesel-electric,13.8,In Service,,,Fishing Trawler
3949726,MV Celestial Enterprise,26.5,,1992,,,,ABS,,21,18144,,8.0,,Marshall Islands,52371,Santos,,1718,2023-04-01,186.2,,2026-04-14,Solstice Tankers Ltd.,Solstice Tankers Ltd.,,"Diesel, 4-stroke medium-speed",18.9,In Service,,,Ro-Ro Cargo Ship
2974308,MT Coral Falcon,46.1,,2017,1285085,,,Lloyd's Register,,29,72999,,13.3,,Singapore,229891,Rotterdam,,,2022-05-04,343.3,,2026-12-19,Coral Sea Logistics,Coral Sea Logistics,,Dual-fuel (LNG/diesel),15.4,In Service,,,Crude Oil Tanker
5225253,MV Coral Frontier,27.2,,2010,,,177975,China Classification Society,,21,93174,,9.1,,Singapore,143392,Felixstowe,,,2025-05-20,292.8,,2026-11-01,Solstice Tankers Ltd.,Solstice Tankers Ltd.,,Gas turbine,14.8,In Service,,,Bulk Carrier
3717020,MS Crystal Mariner,29.7,,1999,,,,RINA,,58,6391,,6.1,,China,26020,Valencia,,,2024-06-25,173.9,,2026-06-03,Zenith Ocean Transport,Zenith Ocean Transport,1365,"Diesel, 2-stroke slow-speed",19.9,In Service,,,Ferry
2210520,MV Arctic Glory,36.6,,2020,,66166,,Korean Register,,23,30177,,10.5,,Malta,44086,Rotterdam,,,2026-05-19,158.5,,2027-07-21,Pacific Rim Maritime,Pacific Rim Maritime,,"Diesel, 2-stroke slow-speed",17.3,In Service,,,LPG Carrier
7775290,MV Meridian Sentinel,46.4,,2009,,,,ABS,,18,36458,,13.4,,Japan,84630,Antwerp,,,2023-08-26,390.5,,2025-03-10,Pacific Rim Maritime,Pacific Rim Maritime,,"Diesel, 4-stroke medium-speed",19.3,In Service,7832,,Container Ship
6227985,MV Crystal Eagle,22.6,,1996,,,15495,ABS,,18,14556,,9.1,,Panama,9629,Rotterdam,,,2022-10-30,153.5,,2024-01-05,Nordwind Shipping Co.,Nordwind Shipping Co.,,Dual-fuel (LNG/diesel),15.6,Under Construction,,,General Cargo Ship
8859964,MT Radiant Dolphin,19.9,,2023,,35673,,RINA,,21,23414,,10.7,,Malta,28988,Southampton,,,2026-04-26,170.1,,2029-09-30,Pacific Rim Maritime,Pacific Rim Maritime,,"Diesel, 4-stroke medium-speed",13.2,Laid Up,,,Chemical Tanker
5741350,MT Silver Falcon,26.8,,2025,,33170,,DNV,,21,33518,,10.0,,Italy,21787,New York/New Jersey,,,2023-07-03,114.2,,2026-08-22,Harborview Shipping Group,Harborview Shipping Group,,Dual-fuel (LNG/diesel),14.2,Under Maintenance,,,Chemical Tanker
8894380,MT Eastern Dolphin,50.8,,2020,1620530,,,Lloyd's Register,,23,298696,,20.8,,Marshall Islands,152514,Busan,,,2024-10-21,323.3,,2029-06-22,Nordwind Shipping Co.,Nordwind Shipping Co.,,Diesel-electric,16.0,In Service,,,Crude Oil Tanker
1610620,MV Atlantic Odyssey,21.7,,2013,,,14991,Lloyd's Register,,18,3975,,8.3,,Cyprus,12291,Hamburg,,,2025-11-26,142.3,,2028-10-25,Pacific Rim Maritime,Coral Sea Logistics,,Dual-fuel (LNG/diesel),15.5,In Service,,,General Cargo Ship
8635992,MT Amber Carrier,55.4,,2004,761945,,,ClassNK,,27,250912,,18.2,,Marshall Islands,177836,Southampton,,,2021-12-05,352.5,,2026-06-23,Vanguard Shipping Corp.,Vanguard Shipping Corp.,,Dual-fuel (LNG/diesel),14.9,In Service,,,Crude Oil Tanker
